Epoch,loss,mse,val_loss,val_mse
0,0.45989,0.06185,1.59271,0.40498
1,0.34334,0.02206,0.39312,0.03305
2,0.31662,0.01472,0.55031,0.0897
3,0.30904,0.01294,0.36195,0.02026
4,0.30285,0.01142,0.31939,0.01
5,0.29584,0.00994,0.32825,0.01245
6,0.29552,0.00966,0.33449,0.01347
7,0.2882,0.00822,0.33896,0.01653
8,0.29056,0.00847,0.31794,0.00926
9,0.28803,0.00794,0.35234,0.01335
10,0.28488,0.00734,0.3128,0.00817
11,0.28427,0.0073,0.32305,0.00971
